State;Name;Institution Type;Phone Number;Website;
AK;University of Alaska Southeast, Ketchikan Campus;ANNH;(907) 225-6177;www.ketch.alaska.edu;
AK;University of Alaska-Fairbanks, Chukchi Campus;ANNH;(907) 442-3400;www.uaf.educhukchi/;
AK;University of Alaska-Fairbanks, Interior-Aleutians Campus;ANNH;(907) 474-5439;www.uaf.eduiac/;
AK;University of Alaska-Fairbanks, Kuskokwim Campus;ANNH;(907) 543-4500;http://www.bethel.uaf.edu;
AK;University of Alaska-Fairbanks, Bristol Bay;ANNH;(907) 842.5109;http://www.uaf.edubbc/index.xml;
AK;Ilisagvik College;AANAPISI, ANNH, Tribal;(907) 852-3333;www.ilisagvik.edu;
AL;Stillman College;HBCU;(205) 349-4240;www.stillman.edu;
AL;Shelton State Community College;HBCU;(205) 391-2211;www.sheltonstate.edu;
AL;Lawson State Community College-Birmingham Campus;HBCU;(205) 925-2515;www.lawsonstate.edu;
AL;Miles College;HBCU;(205) 929-1000;www.miles.edu;
AL;Bishop State Community College;HBCU;(251) 405-7000;www.bishop.edu;
AL;Alabama A & M University;HBCU;(256) 372-5000;www.aamu.edu;
AL;J F Drake State Technical College;HBCU;(256) 539-8161;www.drakestate.edu;
AL;Gadsden State Community College;HSI;(256) 549-8200;www.gadsdenstate.edu;
AL;Oakwood University;HBCU;(256) 726-7000;www.oakwood.edu;
AL;Talladega College;HBCU;(256) 761-6100;www.talladega.edu;
AL;Alabama State University;HBCU;(334) 229-4400;www.alasu.edu;
AL;H Councill Trenholm State Technical College;HBCU;(334) 420-4200;www.trenholmstate.edu;
AL;Concordia College-Selma;AANAPISI;(334) 526-9141;www.concordiaselma.edu;
AL;Tuskegee University;HBCU;(334) 727-8011;www.tuskegee.edu;
AL;Selma University;HBCU;(334) 872-2533;www.selmauniversity.org;
American Samoa;American Samoa Community College;AANAPISI;(684) 699 9155;www.amsamoa.edu;
AR;Arkansas Baptist College;HBCU;(501) 370-4000;www.arkansasbaptist.edu;
AR;Philander Smith College;HBCU;(501) 375-9845;www.philander.edu;
AR;University of Arkansas at Pine Bluff;HBCU;(870) 575-8000;www.uapb.edu;
AZ;Frank Lloyd Wright School of Architecture;AANAPISI;(480) 627-5345;http://www.taliesin.edu;
AZ;Ima Community College;HSI;(520) 206-4500;www.pima.edu;
AZ;Tohono O’odham Community College ;Tribal;(520) 383-8401;www.tocc.cc.az.us;
AZ;Cochise College;HSI;(520) 417-4005;www.cochise.edu;
AZ;Central Arizona College;HSI;(520) 494-5444;www.centralaz.edu;
AZ;South Mountain Community College;HSI;(602) 243-8000;www.southmountaincc.edu;
AZ;Phoenix College;HSI;(602) 285-7800;www.phoenixcollege.edu;
AZ;Gatweay Community College;HSI;(602) 286-8000;www.gatewaycc.edu;
AZ;American Indian College of the Assemblies of God Inc.;AANAPISI;(602) 944-3335;www.aicag.edu;
AZ;Estrella Mountai Community College;AANAPISI;(623) 935-8000;http://www.estrellamountain.edu;
AZ;Arizona Western College;HSI;(928) 317-6000;https://www.azwestern.edu;
AZ;Diné College;HSI;(928) 724-6671;www.dinecollege.edu;
CA;University of California, Merced;AANAPISI;(209) 228-4400;www.ucmerced.edu;
CA;University of California-Merced ;HSI;(209) 228-4400;http://www.ucmerced.edu;
CA;Merced College;AANAPISI, HSI;(209) 384-6000;www.mccd.edu;
CA;Humphreys College-Stockton and Modesto ;HBCU;(209) 478-0800;www.humphreys.edu;
CA;Modesto Junior College ;HSI;(209) 575-6550;www.mjc.edu;
CA;California State University-Stanislaus;AANAPISI, HSI;(209) 667-3122;www.csustan.edu;
CA;San Joaquin Delta College;AANAPISI, HSI;(209) 833-7900;www.deltacollege.edu;
CA;University of the Pacific;AANAPISI;(209) 946-2285;www.pacific.edu;
CA;University of Southern California;AANAPISI;(213) 740-2311;http://www.usc.edu;
CA;Los Angeles Trade Technical College ;HSI;(213) 763-7000;www.lattc.edu;
CA;Los Angeles Harbor College;AANAPISI, HSI;(310) 233-4000;www.lahc.edu/;
CA;California State University-Dominguez Hill;AANAPISI, HSI;(310) 243-3696;www.csudh.edu;
CA;West Los Angeles College ;HSI;(310) 287-4200;www.wlac.edu;
CA;Santa Monica College;AANAPISI, HSI;(310) 434-4000;www.smc.edu;
CA;El Camino Community College ;AANAPISI;(310) 660-3593;www.elcamino.edu;
CA;El Camino Community College District;HSI;(310) 660-3593;www.elcamino.edu;
CA;Otis College of Art and Design;AANAPISI;(310) 665-6800;www.otis.edu;
CA;El Camino College-Compton Center ;HSI;(310) 900-1600;www.compton.edu;
CA;Mount St. Mary's College;AANAPISI, HSI;(310) 954-4250;www.msmc.la.edu;
CA;Los Angeles ORT College ;AANAPISI, HSI;(323) 248-8555 ;http://www.laort.edu/;
CA;East Los Angeles College;AANAPISI, HSI;(323) 265-8650;www.elac.edu;
CA;California Satate University-Los Angeles;AANAPISI;(323) 343-3000;www.calstatela.edu;
CA;California State University-Los Angeles;HSI;(323) 343-3000;www.calstatela.edu;
CA;Los Angeles City College;AANAPISI, HSI;(323) 953-4000;www.lacitycollege.edu/;
CA;Los Angeles County College of Nursing and Allied Health;AANAPISI, HSI;(323)226-4911;www.ladhs.org/wps/portal/CollegeOfNursing;
CA;Evergreen Valley College;AANAPISI, HSI;(408) 274-7900;www.evc.edu;
CA;San Jose City College;HSI;(408) 288-3708;www.sjcc.edu;
CA;West Valley College;AANAPISI;(408) 741-2001;www.westvalley.edu;
CA;Gavilan College ;AANAPISI;(408) 848-4800;www.gavilan.edu;
CA;De Anza College;HSI;(408) 864-5300;www.deanza.edu;
CA;San Jose State University;AANAPISI, HSI;(408) 924-1000;www.sjsu.edu;
CA;Mission College;AANAPISI;(408) 988-2200;www.missioncollege.org;
CA;University of San Francisco;AANAPISI;(415) 422-5555;www.usfca.edu;
CA;California College of the Arts;AANAPISI;(415) 703-9500;www.cca.edu;
CA;City College of San Francisco;AANAPISI;(415) 920-6000;www.ccsf.edu;
CA;Contra Costa College ;AANAPISI, HSI;(510) 235-7800;www.contracosta.edu;
CA;Holy Names University;AANAPISI;(510) 436-1000;http://www.hnu.edu;
CA;Laney College;AANAPISI;(510) 466-7200;www.laney.edu;
CA;College of Alameda;HSI;(510) 522-7221;www.alameda.peralta.edu;
CA;Merritt College;AANAPISI;(510) 531-4911;www.merritt.edu;
CA;Ohlone Community College;AANAPISI;(510) 659-6000;www.ohlone.edu;
CA;Chabot College;AANAPISI, HSI;(510) 723-6600;www.chabotcollege.edu;
CA;California State University-East Bay;AANAPISI;(510) 885-3000;www.csueastbay.edu;
CA;Berekly City College;AANAPISI;(510) 981-2800;www.berkeleycitycollege.edu;
CA;Woodland Community College ;HSI;(530) 661-5700;www.wcc.yccd.edu;
CA;Yuba College;AANAPISI;(530) 788-0973;www.yc.yccd.edu;
CA;California Christian College;HSI;(559) 251-4215;ww.calchristiancollege.edu;
CA;California State University-Fresno;AANAPISI, HSI;(559) 278-4240;www.fresnostate.edu;
CA;Fresno City College;AANAPISI, HSI;(559) 442-4600;www.fresnocitycollege.edu;
CA;Fresno Pacific University ;AANAPISI;(559) 453-2000;www.fresno.edu;
CA;Reedley College ;HSI;(559) 638-3641;www.reedleycollege.edu;
CA;College of the Sequoias ;HSI;(559) 730-3700;www.cos.edu;
CA;Porterville College ;HSI;(559) 791-2200;www.portervillecollege.edu;
CA;West Hills College  ;HSI;(559) 934-2080;www.westhillscollege.com;
CA;Rio Hondo College ;HSI;(562) 692-0921;www.riohondo.edu;
CA;Cerritos College ;AANAPISI, HSI;(562) 860-2451;http://www.cerritos.edu;
CA;Whittier College Whittier;HSI;(562) 907-4200;www.whittier.edu;
CA;Long Beach City College;AANAPISI, HSI;(562) 938-4111;www.lbcc.edu/;
CA;California State University-Long Beach;AANAPISI, HSI;(562) 985-4111;www.csulb.edu;
CA;San Diego Mesa College ;HSI;(619) 388-2600;www.sdmesa.edu;
CA;San Diego City College;AANAPISI, HSI;(619) 388-3400;www.sdcity.edu;
CA;Southwestern College;AANAPISI, HSI;(619) 421-6700;www.swccd.edu;
CA;San Diego State University;HSI;(619) 594-5200;www.sdsu.edu;
CA;Cuyamaca College;AANAPISI;(619) 660-4000;www.cuyamaca.edu;
CA;Pacific Oaks College ;HSI;(626) 529-8061;www.pacificoaks.edu;
CA;Pasadena City College;AANAPISI, HSI;(626) 585-7123;www.pasadena.edu;
CA;Citrus College ;HSI;(626) 963-0323;www.citruscollege.edu;
CA;Canada College;AANAPISI, HSI;(650) 306-3100;www.canadacollege.edu;
CA;Notre Dame de Namur University;AANAPISI, HSI;(650) 508-3600;www.ndnu.edu;
CA;California State University-Fullerton;AANAPISI, HSI;(657) 278-2011;www.fullerton.edu;
CA;College of the Canyons;HSI;(661) 259-7800;www.canyons.edu;
CA;Bakersfield College;HSI;(661) 395-4011;www.bakersfieldcollege.edu;
CA;California State University-Bakersfield;HSI;(661) 654-2782;www.csub.edu;
CA;Antelope Valley College;HSI;(661) 722-6300;www.avc.edu;
CA;Taft College ;HSI;(661) 763-7700;www.taftcollege.edu;
CA;Solano Community College;AANAPISI;(707) 642-8188;www.solano.edu;
CA;Costaline Community College;AANAPISI;(714) 241-6213;www.coastline.edu;
CA;Orange Coast College;AANAPISI;(714) 432-5072;www.orangecoastcollege.edu;
CA;Cypress College ;AANAPISI, HSI;(714) 484-7000;www.cypresscollege.edu;
CA;Santa Ana College ;HSI;(714) 564-6000;www.sac.edu;
CA;Santiago Canyon College ;HSI;(714) 628-4900;www.sccollege.edu;
CA;Fullerton College;AANAPISI, HSI;(714) 992-7000;www.fullcoll.edu;
CA;Victor Valley College ;HSI;(760) 245-4271;www.vvc.edu;
CA;Barstow Community College;HSI;(760) 252-2411;www.barstow.edu;
CA;College of the Desert ;AANAPISI;(760) 346-8041;www.collegeofthedesert.edu;
CA;Imperial Valley College;HSI;(760) 352-8320;www.imperial.edu;
CA;California State University-San Marcos;AANAPISI, HSI;(760) 750-4000;www.csusm.edu;
CA;Palomar College ;HSI;(760) 891-7626;www.palomar.edu;
CA;Palo Verde College ;HSI;(760) 921-5500;www.paloverde.edu;
CA;Napa Valley College;AANAPISI, HSI;(800) 826-1077;www.napavalley.edu;
CA;Ventura College ;HSI;(805) 654-6400;www.venturacollege.edu;
CA;Allan Hancock College;HSI;(805) 922-6966;www.hancockcollege.edu;
CA;Antioch University-Santa Barbara;HSI;(805) 962-8179;www.antiochsb.edu;
CA;Santa Barbara City College ;HSI;(805) 965-0581;www.sbcc.cc.ca.us/;
CA;Oxnard College ;HSI;(805) 986-5800;www.oxnardcollege.edu;
CA;Glendale Community College;HBCU;(818) 240-1000;www.glendale.edu;
CA;Los Angeles Pierce College;AANAPISI, HSI;(818) 346-7777;www.piercecollege.edu/;
CA;Los Angeles Mission College ;HSI;(818) 364-7600;www.lamission.edu/;
CA;Los Angeles ORT College-Van Nuys ;HSI;(818) 646-4714;http://www.laort.edu/;
CA;California State University-Northridge;AANAPISI, HSI;(818) 677-1200;www.csun.edu;
CA;Woodbury University ;HSI;(818) 767-0888;www.woodbury.edu;
CA;Casa Loma College-Van Nuys ;HSI;(818) 785-2726;www.casalomacollege.edu;
CA;Los Angeles Valley College;HSI;(818) 947-2600;www.lavc.edu;
CA;Cabrillo College;HSI;(831) 479-6201;www.cabrillo.edu;
CA;California State University-Monterey Bay Seaside;HSI;(831) 582-3000;csumb.edu;
CA;Monterey Peninsula College;AANAPISI, HSI;(831) 646-4000;www.mpc.edu;
CA;Hartnell College ;Tribal;(831) 755-6700;www.hartnell.edu;
CA;National University;AANAPISI;(858) 642-8000;www.nu.edu;
CA;Mount San Antonio College;AANAPISI;(909) 274-7500;www.mtsac.edu;
CA;Mt. San Antonio College ;HSI;(909) 274-7500;www.mtsac.edu;
CA;Community Christian College ;HBCU;(909) 335-8863;www.cccollege.edu;
CA;San Bernardino Valley College;HSI;(909) 384-4400;www.valleycollege.edu;
CA;California State University-San Bernardino;HSI;(909) 537-5000;www.csusb.edu;
CA;University of La Verne ;HSI;(909) 593-3511;www.laverne.edu;
CA;Chaffey College ;AANAPISI;(909) 652-6000;www.chaffey.edu;
CA;Crafton Hills College ;AANAPISI;(909) 794-2161;www.craftonhills.edu;
CA;California State Polytechnic University-Pomona;AANAPISI, HSI;(909) 869-7659;www.csupomona.edu;
CA;California State University-Sacramento;AANAPISI;(916) 278-6011;www.csus.edu;
CA;American River College;AANAPISI;(916) 484-8011;www.arc.losrios.edu;
CA;Sacramento City College;AANAPISI;(916) 558-2111;http://www.scc.losrios.edu;
CA;Cosumnes River College;HSI;(916) 691-7344;www.crc.losrios.edu;
CA;Los Medanos College;AANAPISI, HSI;(925) 439-2181;www.losmedanos.edu;
CA;Brandman University (Chapman University System);HSI;(949) 341-9800;http://www.brandman.edu;
CA;Laguna College of Art and Design;AANAPISI;(949) 376-6000;www.lcad.edu;
CA;University of California, Irvine;AANAPISI;(949) 824-5011;www.uci.edu;
CA;Riverside Community College ;HSI;(951) 222-8000;www.rcc.edu;
CA;Mt. San Jacinto Community;HSI;(951) 487-6752;http://www.msjc.edu;
CA;La Sierra University ;HSI;(951) 785-2000;www.lasierra.edu;
CA;University of California, Riverside;AANAPISI;(951) 827-1012;www.ucr.edu;
CA;University of California-Riverside ;HSI;(951) 827-1012;www.ucr.edu;
CO;Colorado Heights University ;Tribal;(303) 937-4575;www.chu.edu;
CO;Otero Junior College;HSI;(719) 384-6831;www.ojc.edu;
CO;Pueblo Community College ;HSI;(719) 549-3200;www.pueblocc.edu;
CO;Adams State College ;HSI;(719) 587-7011;www.adams.edu;
CO;Trinidad State Junior College;HSI;(719) 846-5011;www.trinidadstate.edu;
CT;Norwalk Community College;HSI;(203) 857-7000;www.ncc.commnet.edu;
CT;Capital Community College;HSI;(860) 906-5000;www.ccc.commnet.edu;
DC;University of the District of Columbia;HBCU;(202) 274-5012;www.udc.edu;
DC;Howard University;HSI;(202) 806-6100;www.howard.edu;
DE;Delaware State University;HBCU;(302) 857-6060;www.desu.edu;
FL;Hodges University ;AANAPISI;(239) 482-0019;www.hodges.edu;
FL;Saint John Vianney College Seminary Miami;HSI;(305) 223-4561;www.sjvcs.edu;
FL;Miami Dade College ;HSI;(305) 237-1900;www.mdc.edu;
FL;Florida International University ;HBCU;(305) 348-2000;www.fiu.edu;
FL;Polytechnic University of Puerto Rico-Miami ;HSI;(305) 592-7659;www.pupr.edu/miami;
FL;Carlos Albizu University ;HSI;(305) 593-1223;www.mia.albizu.edu;
FL;Saint Thomas University;HSI;(305) 625-6000;www.stu.edu;
FL;Florida Memorial University;Tribal;(305) 626-3600;www.fmuniv.edu;
FL;Bethune-Cookman University;HBCU;(386) 481-2000;www.cookman.edu;
FL;Valencia Community College ;HSI;(407) 299-5000;http://valenciacollege.edu;
FL;Nova Southeastern University;HSI;(800) 541-6682;www.nova.edu;
FL;Trinity International University ;HSI;(847) 945-8800;www.tiu.edu;
FL;Florida Agricultural and Mechanical University;HSI;(850) 599-3000;www.famu.edu;
FL;Edward Waters College;HSI;(904) 470-8000;www.ewc.edu;
FL;Broward College;HSI;(954) 201-6800;www.broward.edu;
FL;Atlantic Institute of Oriental Medicine;HSI;(954) 763-9840;www.atom.edu;
GA;Albany State University;HBCU;(229) 430-4600;www.asurams.edu;
GA;Interdenominational Theological Center;HBCU;(404) 527-7700;www.itc.edu;
GA;Morehouse College;HBCU;(404) 681-2800;www.morehouse.edu;
GA;Spelman College;HBCU;(404) 681-3643;www.spelman.edu;
GA;Morehouse School of Medicine;HBCU;(404) 752-1500;www.msm.edu;
GA;Clark Atlanta University;HBCU;(404) 880-8000;www.cau.edu;
GA;Fort Valley State University;HSI;(478) 825-6211;www.fvsu.edu;
GA;Paine College;HBCU;(706) 821-8200;www.paine.edu;
GA;Savannah State University;HBCU;(912) 358-4778;www.savannahstate.edu;
Guam;Pacific Islands University;AANAPISI;(671) 734-1812;www.piu.edu;
Guam;University of Guam;AANAPISI;(671) 735-2944;www.uog.edu;
Guam;Guam Community College;HBCU;(671) 735-5531;www.guamcc.edu;
HI;Windward Community College;AANAPISI;(808) 235-7400;www.windward.hawaii.edu;
HI;Kauai Community College;AANAPISI, ANNH;(808) 245-8311;www.kauai.hawaii.edu;
HI;Leeward Community College;AANAPISI, ANNH;(808) 455-0011;www.leeward.hawaii.edu;
HI;University of Hawaii, West Oahu;AANAPISI, ANNH;(808) 689-2800;www.westoahu.hawaii.edu;
HI;Kapiolani Community College;AANAPISI, ANNH;(808) 734-9000;www.kapiolani.hawaii.edu;
HI;Chaminade University of Honolulu;AANAPISI, ANNH;(808) 735-4711;www.chaminade.edu;
HI;Honolulu Community College;HSI;(808) 845-9211;www.honolulu.hawaii.edu;
HI;Hawaii Community College;AANAPISI, ANNH;(808) 934-2500;www.hawaii.hawaii.edu;
HI;University of Hawaii at Manoa;AANAPISI, ANNH;(808) 956-8111;www.manoa.hawaii.edu;
HI;University of Hawaii at Hilo;AANAPISI, ANNH;(808) 974-7414;www.uhh.hawaii.edu;
HI;Maui Community College;AANAPISI, ANNH;(808) 984-3500;www.maui.hawaii.edu;
HI;University of Hawaii Maui College;AANAPISI;(808) 984-3500;www.maui.hawaii.edu;
IL;Lexington College;HSI;(312) 226-6294;www.lexingtoncollege.edu;
IL;City Colleges of Chicago-Harold Washington College;HSI;(312) 553-5600;www.ccc.educolleges/washington/Pages/default.aspx;
IL;Illinois Institute of Technology;AANAPISI;(312) 567-3000;www.iit.edu;
IL;City Colleges of Chicago-Malcolm X College;HSI;(312) 850-7000;www.ccc.educolleges/malcolm-x/Pages/default.aspx;
IL;University of Illinois at Chicago;AANAPISI;(312) 996-7000;www.uic.edu;
IL;Waubonsee Community College;HSI;(630) 466-7900;www.waubonsee.edu;
IL;College of DuPage;Tribal;(630) 942-2800;https://www.cod.edu;
IL;Dominican University River Forest;HSI;(708) 366-2490;www.dom.edu;
IL;Triton College;HSI;(708) 456-0300;www.triton.edu;
IL;Morton College;HSI;(708) 656-8000;www.morton.edu;
IL;Northeastern Illinois University;HSI;(773) 583-4050;www.neiu.edu;
IL;City Colleges of Chicago-Wilbur Wright College;HBCU;(773) 777-7900;www.ccc.educolleges/wright/Pages/default.aspx;
IL;City Colleges of Chicago-Richard J Daley College;HSI;(773) 838-7500;http://www.ccc.educolleges/daley/Pages/default.aspx;
IL;City Colleges of Chicago-Harry S Truman College;AANAPSISI, HSI;(773) 907-4000;www.ccc.educolleges/truman/Pages/default.aspx;
IL;Oakton Community College;AANAPISI;(847) 635-1600;https://www.oakton.edu;
IL;Elgin Community College;HBCU;(847) 697-1000;www.elgin.edu;
IL;Harper College;HBCU;(847) 925-6000;www.harpercollege.edu;
IN;Calumet College of Saint Joseph;HSI;(219) 473-4215;http://www.ccsj.edu;
KS;Dodge City Community College;HSI;(620) 225-1321;www.dc3.edu;
KS;Garden City Community College ;HSI;(620) 276-7611;www.gcccks.edu;
KS;Seward County Community College/Area Technical School;HSI;(620) 624-1951;http://www.sccc.edu;
KS;Haskell Indian Nations University;AANAPISI;(785) 749-8479;www.haskell.edu;
KS;Donnelly College ;AANAPISI;(913) 621-8700;www.donnelly.edu;
KY;Kentucky State University;HBCU;(502) 597-6000;www.kysu.edu;
LA;Southern University and A & M College;HBCU;(225) 771-4500;www.subr.edu;
LA;Grambling State University;AANAPISI;(318) 247-3811;www.gram.edu;
LA;Southern University at Shreveport;HBCU;(318) 670-6000;www.susla.edu;
LA;Southern University at New Orleans;HBCU;(504) 286-5000;www.suno.edu;
LA;Xavier University of Louisiana;HBCU;(504) 486-7411;www.xula.edu;
LA;Dillard University;Tribal;(504) 816-4640;www.dillard.edu;
MA;Bunker Hill Community College;AANAPISI;(617) 228-2000;www.bhcc.mass.edu;
MA;University of Massachusetts, Boston;AANAPISI;(617) 287-5000;www.umb.edu;
MA;Urban College of Boston;AANAPISI, HSI;(617) 348-6359;www.urbancollege.edu;
MA;Marian Court College ;HSI;(781) 595-6768;www.mariancourt.edu;
MA;Northern Essex Community College ;HSI;(978) 556-3000;www.necc.mass.edu;
MA;Middlesex Community College;AANAPISI;(800) 818-3434;https://www.middlesex.mass.edu;
Marshall Islands;College of the Marshall Islands;Tribal;(692) 625-3394;www.cmi.edu;
MD;Montgomery College;AANAPISI;(240) 567-1300;www.montgomerycollege.edu;
MD;University of Maryland;AANAPISI;(301) 405-1000;www.umd.edu;
MD;Bowie State University;HBCU;(301) 860-4000;www.bowiestate.edu;
MD;University of Maryland Eastern Shore;HBCU;(410) 651-2200;www.umes.edu;
MD;Coppin State University;AANAPISI;(410) 951-3000;www.coppin.edu;
MD;Morgan State University;HBCU;(443) 885-3333;www.morgan.edu;
MI;Bay Mills Community College;Tribal;(906) 248-3354;www.bmcc.ed;
MI;Keweenaw Bay Ojibwa Community College;Tribal;(906) 353-4600;www.kbocc.org;
MI;Saginaw Chippewa Tribal College;Tribal;(989) 775-4123;www.sagchip.edu;
Micronesia;College of Micronesia, FSM;ANNH, HSI;(691)320-2480;http://www.comfsm.fm;
MN;Leech Lake Tribal College ;Tribal;(218) 335-4200;www.lltc.edu;
MN;Fond du Lac Tribal and Community College;Tribal;(218) 879-0800;www.fdltcc.edu;
MN;White Earth Tribal and Community College;Tribal;(218) 935-0417;www.wetcc.org;
MN;Minnesota State University, Mankato;AANAPISI;(507) 389-1866;www.mnsu.edu;
MN;University of Minnesota, Twin Cities;AANAPISI;(612) 625-5000;www.umn.edu;
MN;Century Community and Technical College;AANAPISI;(651) 779-3200;www.century.edu;
MN;University of St. Thomas;AANAPISI;(651) 962-5000;www.stthomas.edu;
MN;University of St Thomas ;HSI;(651) 962-5000;www.stthomas.edu;
MN;North Hennepin Community College;AANAPISI;(763) 488-0391;www.nhcc.edu;
MN;St. Catherine University;AANAPISI;(800) 945-4599;www.stkate.edu;
MO;Harris-Stowe State University;HSI;(314) 340-3366;www.hssu.edu;
MO;Lincoln University;HBCU;(573) 681-5000;www.lincolnu.edupages/1.asp;
MS;Rust College;HBCU;(601) 252-8000;www.rustcollege.edu;
MS;Hinds Community College-Utica;HSI;(601) 857-5261;www.hindscc.edu;
MS;Alcorn State University;HBCU;(601) 877-6100;www.alcorn.edu;
MS;Tougaloo College;HBCU;(601) 977-7700;www.tougaloo.edu;
MS;Jackson State University;HBCU;(601) 979-2121;www.jsums.edu;
MS;Mississippi Valley State University;HBCU;(662) 254-9041;www.mvsu.edu;
MS;Coahoma Community College;HSI;(662) 627-2571;www.coahomacc.edu;
MT;Salish Kootenai College;Tribal;(406) 275-4800;www.skc.edu;
MT;Blackfeet Community College;Tribal;(406) 338-7755;www.bfcc.org;
MT;Aaniiih Nakoda College ;Tribal;(406) 353-2607;www.fbcc.edu;
MT;Stone Child College;Tribal;(406) 395-4875;http://www.stonechild.edu;
MT;Little Big Horn College ;Tribal;(406) 638-3100;www.lbhc.edu;
MT;Fort Peck Community College ;HBCU;(406)768-6300;www.fpcc.edu;
MT;Chief Dull Knife College ;HSI;(406) 477-6215;www.cdkc.edu;
NC;Elizabeth City State University;HSI;(252) 335-3400;www.ecsu.edu;
NC;North Carolina A & T State University;HBCU;(336) 334-7500;www.ncat.edu;
NC;Bennett College for Women;HBCU;(336) 517-2100;www.bennett.edu;
NC;Winston-Salem State University;HBCU;(336) 750-2000;www.wssu.edu;
NC;Livingstone College;HBCU;(704) 216-6000;www.livingstone.edu;
NC;Johnson C Smith University;HBCU;(704) 378-1000;www.jcsu.edu;
NC;Fayetteville State University;HBCU;(910) 672-1111;www.uncfsu.edu;
NC;Saint Augustine's College;HBCU, HSI;(919) 516-4000;www.st-aug.edu;
NC;North Carolina Central University;HBCU;(919) 530-6100;www.nccu.edu;
NC;Shaw University;HBCU;(919) 546-8200;www.shawu.edu;
ND;United Tribes Technical College;Tribal;(701) 255-3285;www.uttc.edu;
ND;Turtle Mountain Community College ;Tribal;(701) 477-7862;www.turtle-mountain.cc.nd.us;
ND;Fort Berthold Community College ;Tribal;(701) 627-4738;www.fortbertholdcc.edu;
ND;Cankdeska Cikana Community College;Tribal;(701) 766-4415;www.littlehoop.edu;
ND;Sitting Bull College;Tribal;(701) 854-3861;www.sittingbull.edu;
NE;Nebraska Indian Community College;Tribal;(402) 837-5078;www.thenicc.edu;
NE;Little Priest Tribal College;Tribal;(402) 878-2380;www.lptc.bia.edu;
NJ;New Jersey City University ;HSI;(201) 200-2000;https://www.njcu.edu;
NJ;Stevens Institute of Technology;AANAPISI;(201) 216-5194;www.stevens.edu;
NJ;Bergen Community College ;HSI;(201) 447-7100;www.bergen.edu;
NJ;Hudson County Community College ;HSI;(201) 714-7100;www.hccc.edu;
NJ;Middlesex County College;AANAPISI;(732) 548-6000;www.middlesexcc.edu;
NJ;Saint Peter’s College;AANAPISI, HSI;(888) 772-9933;www.saintpeters.edu;
NJ;Union County College ;HSI;(908) 709-7000;www.ucc.edu;
NJ;Passaic County Community College ;HSI;(973) 684-6800;www.pccc.edu;
NM;Central New Mexico Community College ;HBCU;(505) 224-3000;www.cnm.edu;
NM;University of New Mexico;HSI;(505) 277-0111;www.unm.edu;
NM;New Mexico State University-Grants ;HSI;(505) 287-6678;www.grants.nmsu.edu;
NM;Southwestern Indian Polytechnic Institute;Tribal;(505) 346 2347;www.sipi.edu;
NM;Institute of American Indian Arts ;Tribal;(505) 424-2300;www.iaia.edu;
NM;New Mexico Highlands University;HSI;(505) 425-7711;www.nmhu.edu;
NM;Santa Fe Community College;HSI;(505) 428-1000;http://www.sfcc.edu;
NM;Luna Community College ;HSI;(505) 454-2500;www.luna.edu;
NM;University of New Mexico-Los Alamos Campus ;HSI;(505) 662-5919;www.la.unm.edu;
NM;Northern New Mexico College ;HSI;(505) 747-2100;www.nnmc.edu;
NM;Navajo Technical College;Tribal;(505) 786-4100;www.navajotech.edu;
NM;University of New Mexico-Valencia County Branch ;HSI;(505) 925-8500;www.vc.unm.edu;
NM;New Mexico State University-Carlsbad ;HSI;(575) 234-9200;www.carlsbad.nmsu.edu;
NM;Eastern New Mexico University-Ruidoso ;HSI;(575) 257-2120;http://www.ruidoso.enmu.edu;
NM;New Mexico Junior College ;HSI;(575) 392-4510;www.nmjc.edu;
NM;University of the Southwest ;HSI;(575) 392-6561;www.usw.edu;
NM;New Mexico State University-Alamogordo;HSI;(575) 439-3600;www.nmsua.edu;
NM;Mesalands Community College ;HSI;(575) 461-4413;www.mesalands.edu;
NM;New Mexico State University-Dona Ana ;HSI;(575) 527-7500;www.dabcc.nmsu.edu;
NM;Western New Mexico University;HSI;(575) 538-6011;www.wnmu.edu;
NM;Eastern New Mexico University;HSI;(575) 562-1011;www.enmu.edu;
NM;Eastern New Mexico University-Roswell Campus ;HSI;(575) 624-7000;www.roswell.enmu.edu;
NM;New Mexico State University;HSI;(575) 646-2019;www.nmsu.edu;
NM;University of New Mexico-Taos Branch;HSI;(575) 737-6200;www.taos.unm.edu;
NM;Clovis Community College ;HBCU;(575) 769-2811 ;www.clovis.edu;
NM;New Mexico Institute of Mining and Technology ;HSI;(800) 428-8324;www.nmt.edu;
NV;College of Southern Nevada;HSI;(702) 651-2650;www.csn.edu;
NV;University of Nevada, Las Vegas;AANAPISI;(702) 895-3011;www.unlv.edu;
NV;Nevada State College;AANAPISI;(702) 992-2000;www.nsc.nevada.edu;
NY;CUNY Borough of Manhattan Community College ;HSI;(212) 220-8000;www.bmcc.cuny.edu;
NY;Professional Business College;HSI;(212) 226-7300;www.pbcny.edu;
NY;CUNY John Jay College of Criminal Justice ;AANAPISI;(212) 237-8000;www.jjay.cuny.edu;
NY;CUNY Hunter College;HSI;(212) 396-6049;www.hunter.cuny.edu;
NY;City College ;AANAPISI;(212) 650-7000;www.ccny.cuny.edu;
NY;CUNY City College;HSI;(212) 650-7000;www.ccny.cuny.edu;
NY;Boricua College New York;HSI;(212) 694-1000;http://www.boricuacollege.edu;
NY;St. John's University, New York;AANAPISI;(212) 962-4111;www.stjohns.edu;
NY;New York Institute of Technology;AANAPISI;(516) 686-1000;www.nyit.edu;
NY;Long Island University-Brentwood ;HSI;(631) 273-5112;www.liu.edu/brentwood;
NY;CUNY Bernard M. Baruch College;AANAPISI, HSI;(646) 312-1000;www.baruch.cuny.edu;
NY;Polytechnic Institute of New York University;AANAPISI;(718) 260-3600;www.poly.edu;
NY;CUNY New York City College of Technology ;AANAPISI, HSI;(718) 260-5500;www.citytech.cuny.edu;
NY;Bramson ORT College;AANAPISI;(718) 261-5800;www.bramsonort.edu;
NY;CUNY York College;HSI;(718) 262-2000;www.york.cuny.edu;
NY;CUNY Bronx Community College;AANAPISI;(718) 289-5100;www.bcc.cuny.edu;
NY;CUNY Kingsborough Community College;AANAPISI;(718) 368-5000;www.kbcc.cuny.edu;
NY;College of Mount Saint Vincent ;AANAPISI;(718) 405-3267;www.mountsaintvincent.edu;
NY;Vaughn College of Aeronautics and Technology;AANAPISI, HSI;(718) 429-6600;www.vaughn.edu;
NY;CUNY LaGuardia Community College;AANAPISI, HSI;(718) 482-7200;www.laguardia.cuny.edu;
NY;Long Island University, Brooklyn Campus;AANAPISI;(718) 488-1011;www.liu.edu/brooklyn;
NY;CUNY Hostos Community College Bronx;AANAPISI;(718) 518-4444;www.hostos.cuny.edu;
NY;CUNY Queensborough Community College;AANAPISI, HSI;(718) 631-6262;www.qcc.cuny.edu;
NY;Pratt Institute, Main;AANAPISI;(718) 636-3600;www.pratt.edu;
NY;CUNY Brooklyn College;AANAPISI;(718) 951-5000;www.brooklyn.cuny.edu;
NY;CUNY Lehman College Bronx;AANAPISI;(718) 960-8000;www.lehman.cuny.edu;
NY;Mercy College  ;HSI;(877) 637-2946;https://www.mercy.edu;
OH;Wilberforce University;HBCU;(937) 376-2911;www.wilberforc.edu;
OH;Central State University;HSI;(937) 376-6011;www.centralstate.edu;
OK;Langston University;HBCU;(405) 466-3428;www.lunet.edu;
OK;Comanche Nation College;HSI;(580) 591-0203;www.cnc.cc.ok.us;
OK;College of the Muscogee Nation;HSI;(918) 758-1480;www.mvsktc.org;
OR;Mount Angel Seminary;HSI;(508) 845-3030;www.mountangelabbey.org;
PA;Lincoln University of Pennsylvania;HBCU;(484) 365-8000;www.lincoln.edu;
PA;Cheyney University of Pennsylvania;Tribal;(610) 399-2000;www.cheyney.edu;
Puerto Rico;Inter American University of Puerto Rico-Metro ;HSI;(787) 250-1912;www.metro.inter.edu;
Puerto Rico;Colegio Universitario de San Juan ;AANAPISI;(787) 250-2400;http://www.cunisanjuan.edu;
Puerto Rico;Universidad Del Este ;HSI;(787) 257-7373;www.suagm.edu/une;
Puerto Rico;Inter American University of Puerto Rico-San German ;HSI;(787) 264-1912;http://sg.inter.edu ;
Puerto Rico;Inter American University of Puerto Rico-Bayamon Bayamon;HSI;(787) 279-1912;http://bayamon.inter.edu;
Puerto Rico;Inter American University of Puerto Rico-Ponce Mercedita;HSI;(787) 284-1912;www.ponce.inter.edu;
Puerto Rico;Universidad Metropolitana-Bayamon;HSI;(787) 288-1100;http://www.suagm.eduumet/;
Puerto Rico;American University of Puerto Rico-Bayamon;HSI;(787) 620-2040;www.aupr.edu;
Puerto Rico;American University of Puerto Ric- Manati;HSI;(787) 621-2835;http://www.aupr.eduforms/SPDesktop.aspx;
Puerto Rico;Colegio Pentecostal Mizpa Rio Piedras;HSI;(787) 720-4476;http://mizpa.eduportal/index.php?option=com_frontpage&Itemid=;
Puerto Rico;School of Plastic Arts of Puerto Rico;HSI;(787) 729-0007;www.eap.edu;
Puerto Rico;Puerto Rico Conservatory of Music;HSI;(787) 751-0160;www.cmpr.edu;
Puerto Rico;Instituto Tecnologico de Puerto Rico-Recinto de San Juan Rio ;HSI;(787) 764-2559;http://itec.pr/ITPR-Joomla/;
Puerto Rico;EDP College of Puerto Rico Inc-Hato Rey;HSI;(787) 765-3560;http://www.edpuniversity.edu;
Puerto Rico;Centro de Estudios Multidisciplinarios-San Juan;AANAPISI;(787) 765-4210, (787) 765-4233;http://www.cempr.eduunidades_academias_sanjuan.html;
Puerto Rico;Centro de Estudios Multidisciplinarios-Bayamon;HSI;(787) 780-8900;http://www.cempr.eduunidades_academias_bayamon.html;
Puerto Rico;Bayamon Central University ;HSI;(787) 786-3030;www.ucb.edu.pr;
Puerto Rico;Universidad Central Del Caribe ;HSI;(787) 798-3001;www.uccaribe.edu;
Puerto Rico;Universidad Metropolitana-Jayuya;HSI;(787) 828-1319;http://www.suagm.eduumet/;
Puerto Rico;Pontifical Catholic University of Puerto Rico-Mayaguez ;HSI;(787) 834-5151;http://mayaguez.pucpr.edu;
Puerto Rico;Universidad Adventista de las Antillas ;HSI;(787) 834-9595;www.uaa.edu;
Puerto Rico;Pontifical Catholic University of Puerto Rico;HSI;(787) 841-2000;http://www.pucpr.edu;
Puerto Rico;Technology Instutitute of Puerto Rico-Ponce ;HSI;(787) 843-1305;http://itec.pr/ITPR-Joomla/;
Puerto Rico;Humacao Community College ;HSI;(787) 852-1430;www.hccpr.edu;
Puerto Rico;Centro de Estudios Multidisciplinarios-Humacao;HSI;(787) 852-5505, (787) 850-8333;http://www.cempr.eduunidades_academias_humacao.html;
Puerto Rico;Technology Instutitute of Puerto Rico-Manati;HSI;(787) 854-2250;http://itec.pr/ITPR-Joomla/;
Puerto Rico;Inter American University of Puerto Rico-Barranquitas ;HSI;(787) 857-3600;http://www.br.uipr.eduinter/;
Puerto Rico;Inter American University of Puerto Rico-Fajardo Fajardo;HSI;(787) 863-2390;http://fajardo.inter.edu;
Puerto Rico;Technology Instutitute of Puerto Rico-Guayama ;HSI;(787) 864-0354;http://itec.pr/ITPR-Joomla/;
Puerto Rico;Inter American University of Puerto Rico-Guayama;HSI;(787) 864-2222;http://guayama.inter.edu;
Puerto Rico;Inter American University of Puerto Rico-Arecibo Arecibo;HSI;(787) 878-5475;www.arecibo.inter.edu;
Puerto Rico;Pontifical Catholic University of Puerto Rico-Arecibo;HSI;(787) 881-1212;http://arecibo.pucpr.edu;
Puerto Rico;Universal Technology College of Puerto Rico ;HSI;(787) 882-2065;www.unitecpr.edu ;
Puerto Rico;Universidad Metropolitana-Aguadilla;HSI;(787) 882-7070;http://www.suagm.eduumet/;
Puerto Rico;Atenas College ;HSI;(787) 884-3838;www.atenascollege.edu;
Puerto Rico;Inter American University of Puerto Rico-Aguadilla Aguadilla;HSI;(787) 891-0925;http://aguadilla.inter.edu;
Puerto Rico;EDP College of Puerto Rico Inc-San Sebastian ;HBCU;(787) 896-2252;http://www.edpuniversity.edu;
Puerto Rico;John Dewey College-University Division ;HSI;(866) 773-3939;http://jdc.edu;
Puerto Rico;Atlantic University College ;HSI;(787) 720-1022;www.atlanticu.edu;
Puerto Rico;Caribbean University-Carolina ;HSI;(787) 769-0007;http://www.caribbean.eduOicina_de_Registro/Recinto_de_Carolina.html;
Puerto Rico;Caribbean University-Bayamon ;HSI;(787) 780-0070;http://www.caribbean.edu;
Puerto Rico;Caribbean University-Ponce ;HSI;(787) 840-2955;http://www.caribbean.eduOficina_de_Registro/Recinto_de_Ponce.html;
Puerto Rico;Caribbean University-Vega  ;HSI;(787) 858-3668;http://www.caribbean.eduOficina_de_Registro/Recinto%20de%20Vega%20Baja.html;
Puerto Rico;Universidad Del Turabo Gurabo;HSI;N/A;www.suagm.edu/UT;
Puerto Rico;Universidad Metropolitana;HSI;N/A;http://www.suagm.eduumet/;
SC;Allen University;HBCU;(803) 254-4165;www.allenuniversity.edu;
SC;Benedict College;HBCU;(803) 256-4220;www.benedict.edu;
SC;Clinton Junior College;HSI;(803) 327-7402;www.clintonjuniorcollege.edu;
SC;Claflin University;HSI;(803) 535-5000;www.claflin.edu;
SC;South Carolina State University;HBCU;(803) 536-7000;www.scsu.edu;
SC;Voorhees College;HBCU;(803) 780-1234;www.voorhees.du;
SC;Denmark Technical College;HBCU;(803) 793-5100;www.denmarktech.edu;
SC;Morris College;HBCU;(803) 934-3200;www.morris.edu;
SD;Oglala Lakota College;Tribal;(605) 455-6022;www.olc.edu;
SD;Sisseton Wahpeton College;Tribal;(605) 698-3966;www.swc.tc/;
SD;Sinte Gleska University;Tribal;(605) 856-5880;www.sintegleska.edu;
TN;Meharry Medical College;HBCU;(615) 327-6111;www.mmc.edu;
TN;Fisk University;HBCU;(615) 329-8500;www.fisk.edu;
TN;Tennessee State University;HBCU;(615) 963-5111;www.tnstate.edu;
TN;Lane College;HBCU;(731) 426-7500;www.lanecollege.edu;
TN;Le Moyne-Owen College;HBCU;(901) 435-1000;www.loc.edu;
TX;Our Lady of the Lake University;HSI;(210) 434-6711;www.ollusa.edu;
TX;St Mary's University  ;HSI;(210) 436-3011;http://www.stmarytx.edu;
TX;The University of Texas at San Antonio;HSI;(210) 458-4011;https://www.utsa.edu;
TX;San Antonio College;HSI;(210) 486-0000;www.alamo.edusac/;
TX;St. Philip's College;HBCU, HSI;(210) 486-2000;www.alamo.eduspc/;
TX;Palo Alto College ;HSI;(210) 486-3000;www.alamo.edupac/;
TX;Northwest Vista College;HSI;(210) 486-4000;www.alamo.edunvc/;
TX;The University of Texas Health Science Center at San Antonio;HSI;(210) 567-7000;www.uthscsa.edu;
TX;University of the Incarnate Word ;HSI;(210) 829-6000;www.uiw.edu;
TX;Paul Quinn College;HBCU;(214) 379-5577;www.pqc.edu;
TX;El Centro College ;HSI;(214) 860-2000;www.elcentrocollege.edu;
TX;Mountain View College ;HSI;(214) 860-8680;www.mountainviewcollege.edu;
TX;University of Houston-Clear Lake ;HSI;(281) 283-7600;www.uhcl.edu;
TX;Lee College Baytown;HSI;(281) 427-5611;www.lee.edu;
TX;Houston Baptist University ;AANAPISI;(281) 649-3314;www.hbu.edu;
TX;San Jacinto Community College ;HSI;(281) 998-6150;www.sanjac.edu;
TX;Howard College;HBCU;(325) 481-8350;www.howardcollege.edu;
TX;Western Texas College ;HSI;(325) 573-8511;www.wtc.edu;
TX;Angelo State University;HSI;(325) 942-2555;http://www.angelo.edu;
TX;Coastal Bend College ;HSI;(361) 358-2838;www.coastalbend.edu;
TX;University of Houston-Victoria ;HSI;(361) 570-4848;www.uhv.edu;
TX;Victoria College ;HSI;(361) 573-3291;www.victoriacollege.edu;
TX;Texas A & M University-Kingsville;HSI;(361) 593-2111;www.tamuk.edu;
TX;Del Mar College ;HBCU;(361) 698-1293;www.delmar.edu;
TX;Texas A & M University-Corpus Christi;HSI;(361) 825-5700;http://www.tamucc.edu;
TX;Galveston College ;HSI;(409) 944-4242;www.gc.edu;
TX;Odessa College ;HSI;(432) 335-6400;www.odessa.edu;
TX;The University of Texas of the Permian Basin ;HSI;(432) 552-2020;www.utpb.edu;
TX;Midland College ;HSI;(432) 685-4500;www.midland.edu;
TX;Sul Ross State University ;HSI;(432) 837-8011;www.sulross.edu;
TX;Saint Edward's University ;HSI;(512) 448-8500;www.stedwards.edu;
TX;Huston-Tillotson University;AANAPISI;(512) 505-3000;www.htu.edu;
TX;Texas State University-San Marcos ;HSI;(512) 558-5555;www.txstate.edu;
TX;Northwood University ;HSI;(561) 478-5500;www.northwood.edu;
TX;University of Houston-Downtown ;HSI;(713) 221-8000;www.uhd.edu;
TX;Texas Southern University;HBCU;(713) 313-7011;www.tsu.edu;
TX;Houston Community College;AANAPISI, HSI;(713) 718-2000;www.hccs.edu;
TX;University of Houston;AANAPISI, HSI;(713) 748-0923;www.uh.edu;
TX;College of Biblical Studies-Houston;AANAPISI;(713) 785-5995;www.cbshouston.edu;
TX;Baptist University of the Americas;HSI;(800) 721-1396;www.bua.edu;
TX;Texas State Technical College Harlingen ;HSI;(800) 852-8784;www.tstc.eduharlingen/;
TX;Amarillo College ;HSI;(806) 371-5000;www.actx.edu;
TX;Clarendon College ;HBCU;(806) 874-3571;www.clarendoncollege.edu;
TX;South Plains College ;HSI;(806) 894-9611;www.southplainscollege.edu;
TX;The University of Texas at Arlington;AANAPISI;(817) 272-2011;www.uta.edu;
TX;Southwest Texas Junior College ;HSI;(830) 278-4401;www.swtjc.net/;
TX;Lone Star College System;HSI;(832) 813-6500;www.lonestar.edu;
TX;The University of Texas-Pan American Edinburg;HSI;(866) 441-8872;www.utpa.edu;
TX;Texas College;HBCU;(903) 593-8311 x2200;www.texascollege.edu;
TX;Jarvis Christian College;HBCU;(903) 769-5700;www.jarvis.edu;
TX;Wiley College;HBCU;(903) 927-3300;www.wileyc.edu;
TX;The University of Texas at El Paso;HSI;(915) 747-5000;www.utep.edu;
TX;El Paso Community College;HSI;(915) 831-3722;www.epcc.edu;
TX;Prairie View A & M University;HBCU;(936) 261-3311;www.pvamu.edu;
TX;Texas A & M International University ;HSI;(956) 326-2001;www.tamiu.edu;
TX;Laredo Community College ;HSI;(956) 722-0521;www.laredo.edu;
TX;South Texas College ;HSI;(956) 872-8311;www.southtexascollege.edu;
TX;The University of Texas at Brownsville ;HSI;(956) 882-8200;http://www.utb.edu;
TX;Richland College;AANAPISI;(972) 238-6100;www.richlandcollege.edu;
TX;North Lake College;AANAPISI, HSI;(972) 273-3000;www.northlakecollege.edu;
TX;Southwestern Christian College;HBCU;(972) 524-3341 x107;www.swcc.edu;
TX;Brookhaven College;AANAPISI, HSI;(972) 860-4700;www.brookhavencollege.edu;
TX;Eastfield College ;AANAPISI;(972) 860-7167;www.eastfieldcollege.edu;
TX;Brazosport College Lake ;HSI;(979) 230-3000;www.brazosport.edu;
TX;Wharton County Junior College;HSI;(979) 532-4560;www.wcjc.edu;
VA;Virginia University of Lynchburg;HBCU;(434) 528-5276 x126;www.vul.edu;
VA;Saint Pauls College;HBCU;(434) 848-3111;www.saintpauls.edu;
VA;Northern Virginia Commnity College;AANAPISI;(703) 323-3000;https://www.nvcc.edu;
VA;Hampton University;AANAPISI;(757) 727-5000;www.hamptonu.edu;
VA;Norfolk State University;HBCU;(757) 823-8600;www.nsu.edu;
VA;Virginia Union University;HBCU;(804) 257-5600;www.vuu.edu;
VA;Virginia State University;HBCU;(804) 524-5000;www.vsu.edu;
Virgin Islands;University of the Virgin Islands;HBCU;(340) 776-9200;www.uvi.edu;
Virgin Islands;University of the Virgin Islands-Kingshill;HBCU;(340) 778-1620 x0000;www.uvi.edu;
WA;Shoreline Community College;AANAPISI;(206) 546-4101;www.shoreline.edu;
WA;Highline Community College;HBCU;(206) 878-3710;www.highline.edu;
WA;North Seattle Community College;AANAPISI;(206) 934-3600;https://northseattle.edu/;
WA;South Seattle Community College-North;AANAPISI;(206) 934-3600;https://northseattle.edu;
WA;Seattle Central Community College;AANAPISI;(206) 934-3800;www.seattlecentral.org;
WA;South Seattle Community College-Central;AANAPISI;(206) 934-3800;http://www.seattlecentral.edu;
WA;South Seattle Community College-South;AANAPISI;(206) 934-5300;http://www.southseattle.edu;
WA;Saint Martin's University;AANAPISI;(360) 491-4700;www.stmartin.edu;
WA;Northwest Indian College;Tribal;(360) 676-2772;www.nwic.edu;
WA;Renton Technical College;AANAPISI;(425) 235-2352;www.rtc.edu;
WA;Bellevue College;AANAPISI;(425) 564-1000;www.bellevuecollege.edu;
WA;Edmonds Community College;HSI;(425) 640-1459;www.edcc.edu;
WA;Yakima Valley Community College;HSI;(509) 574-4600;www.yvcc.edu;
WA;Big Bend Community College;HSI;(509) 793-2222;www.bigbend.edu;
WA;Heritage University;AANAPISI;(888) 272-6190;www.heritage.edu;
WI;Lac Courte Oreilles Ojibwa Community College;Tribal;(715) 634-4790;www.lco.edu;
WI;College of Menominee Nation ;AANAPISI;(715) 799-5600;www.menominee.edu;
WV;Bluefield State College;HBCU;(304) 327-4000;www.bluefieldstate.edu;
WV;West Virginia State University;HBCU;(304) 766-3000;www.wvstateu.edu;
WY;Wind River Tribal College;Tribal;(307) 335-8243;www.wrtribalcollege.com;
